{"final_rmse": 0.9377579204343072, "final_mae": 0.7152237317201704, "training_history": {"train_metrics": {"loss": [0.9556419764469554, 0.8367820736151058, 0.7295008746425172, 0.6952875769221699], "mse": [0.9555147919245021, 0.8365133424128944, 0.7292948888349543, 0.6952619270639633], "rmse": [0.9775043692610801, 0.9146110333977469, 0.8539876397436641, 0.8338236786419316], "mae": [0.7644103030051211, 0.7041881470006656, 0.654298251200441, 0.6340593183490401]}, "val_metrics": {"loss": [1.0872892871258166, 0.9480662410067906, 0.8854458022638984, 0.8777728608914803], "mse": [1.0890641843470998, 0.9497115972121958, 0.887085425742113, 0.8793899173372764], "rmse": [1.0435823802398638, 0.9745314757421618, 0.9418521251991275, 0.9377579204343072], "mae": [0.8148493445347565, 0.7449727638186979, 0.7182965375599675, 0.7152237317201704]}}}